question_id,knowledge_point,reviewer_code,answer_correct,prompt_unambiguous,accepted_answers_complete,scaffold_safe,visual_correct,age_appropriate,status,notes
G1V1-U1-KP01-T,1~5的认识与大小比较,,,,,,,,pending,
G1V1-U1-KP01-V01,1~5的认识与大小比较,,,,,,,,pending,
G1V1-U1-KP01-V02,1~5的认识与大小比较,,,,,,,,pending,
G1V1-U1-KP01-V03,1~5的认识与大小比较,,,,,,,,pending,
G1V1-U1-KP01-V04,1~5的认识与大小比较,,,,,,,,pending,
G1V1-U1-KP01-V05,1~5的认识与大小比较,,,,,,,,pending,
G1V1-U1-KP01-V06,1~5的认识与大小比较,,,,,,,,pending,
G1V1-U1-KP01-V07,1~5的认识与大小比较,,,,,,,,pending,
G1V1-U1-KP01-V08,1~5的认识与大小比较,,,,,,,,pending,
G1V1-U1-KP01-V09,1~5的认识与大小比较,,,,,,,,pending,
G1V1-U1-KP01-V10,1~5的认识与大小比较,,,,,,,,pending,
G1V1-U1-KP02-T,5以内数的组成,,,,,,,,pending,
G1V1-U1-KP02-V01,5以内数的组成,,,,,,,,pending,
G1V1-U1-KP02-V02,5以内数的组成,,,,,,,,pending,
G1V1-U1-KP02-V03,5以内数的组成,,,,,,,,pending,
G1V1-U1-KP02-V04,5以内数的组成,,,,,,,,pending,
G1V1-U1-KP02-V05,5以内数的组成,,,,,,,,pending,
G1V1-U1-KP02-V06,5以内数的组成,,,,,,,,pending,
G1V1-U1-KP02-V07,5以内数的组成,,,,,,,,pending,
G1V1-U1-KP02-V08,5以内数的组成,,,,,,,,pending,
G1V1-U1-KP02-V09,5以内数的组成,,,,,,,,pending,
G1V1-U1-KP02-V10,5以内数的组成,,,,,,,,pending,
G1V1-U1-KP03-T,5以内加减法与看图列式,,,,,,,,pending,
G1V1-U1-KP03-V01,5以内加减法与看图列式,,,,,,,,pending,
G1V1-U1-KP03-V02,5以内加减法与看图列式,,,,,,,,pending,
G1V1-U1-KP03-V03,5以内加减法与看图列式,,,,,,,,pending,
G1V1-U1-KP03-V04,5以内加减法与看图列式,,,,,,,,pending,
G1V1-U1-KP03-V05,5以内加减法与看图列式,,,,,,,,pending,
G1V1-U1-KP03-V06,5以内加减法与看图列式,,,,,,,,pending,
G1V1-U1-KP03-V07,5以内加减法与看图列式,,,,,,,,pending,
G1V1-U1-KP03-V08,5以内加减法与看图列式,,,,,,,,pending,
G1V1-U1-KP03-V09,5以内加减法与看图列式,,,,,,,,pending,
G1V1-U1-KP03-V10,5以内加减法与看图列式,,,,,,,,pending,
G1V1-U2-KP01-T,6~10的组成与数序,,,,,,,,pending,
G1V1-U2-KP01-V01,6~10的组成与数序,,,,,,,,pending,
G1V1-U2-KP01-V02,6~10的组成与数序,,,,,,,,pending,
G1V1-U2-KP01-V03,6~10的组成与数序,,,,,,,,pending,
G1V1-U2-KP01-V04,6~10的组成与数序,,,,,,,,pending,
G1V1-U2-KP01-V05,6~10的组成与数序,,,,,,,,pending,
G1V1-U2-KP01-V06,6~10的组成与数序,,,,,,,,pending,
G1V1-U2-KP01-V07,6~10的组成与数序,,,,,,,,pending,
G1V1-U2-KP01-V08,6~10的组成与数序,,,,,,,,pending,
G1V1-U2-KP01-V09,6~10的组成与数序,,,,,,,,pending,
G1V1-U2-KP01-V10,6~10的组成与数序,,,,,,,,pending,
G1V1-U2-KP02-T,10以内加减法和连算,,,,,,,,pending,
G1V1-U2-KP02-V01,10以内加减法和连算,,,,,,,,pending,
G1V1-U2-KP02-V02,10以内加减法和连算,,,,,,,,pending,
G1V1-U2-KP02-V03,10以内加减法和连算,,,,,,,,pending,
G1V1-U2-KP02-V04,10以内加减法和连算,,,,,,,,pending,
G1V1-U2-KP02-V05,10以内加减法和连算,,,,,,,,pending,
G1V1-U2-KP02-V06,10以内加减法和连算,,,,,,,,pending,
G1V1-U2-KP02-V07,10以内加减法和连算,,,,,,,,pending,
G1V1-U2-KP02-V08,10以内加减法和连算,,,,,,,,pending,
G1V1-U2-KP02-V09,10以内加减法和连算,,,,,,,,pending,
G1V1-U2-KP02-V10,10以内加减法和连算,,,,,,,,pending,
G1V1-U2-KP03-T,10以内加减法应用,,,,,,,,pending,
G1V1-U2-KP03-V01,10以内加减法应用,,,,,,,,pending,
G1V1-U2-KP03-V02,10以内加减法应用,,,,,,,,pending,
G1V1-U2-KP03-V03,10以内加减法应用,,,,,,,,pending,
G1V1-U2-KP03-V04,10以内加减法应用,,,,,,,,pending,
G1V1-U2-KP03-V05,10以内加减法应用,,,,,,,,pending,
G1V1-U2-KP03-V06,10以内加减法应用,,,,,,,,pending,
G1V1-U2-KP03-V07,10以内加减法应用,,,,,,,,pending,
G1V1-U2-KP03-V08,10以内加减法应用,,,,,,,,pending,
G1V1-U2-KP03-V09,10以内加减法应用,,,,,,,,pending,
G1V1-U2-KP03-V10,10以内加减法应用,,,,,,,,pending,
G1V1-U3-KP01-T,辨认长方体、正方体、圆柱和球,,,,,,,,pending,
G1V1-U3-KP01-V01,辨认长方体、正方体、圆柱和球,,,,,,,,pending,
G1V1-U3-KP01-V02,辨认长方体、正方体、圆柱和球,,,,,,,,pending,
G1V1-U3-KP01-V03,辨认长方体、正方体、圆柱和球,,,,,,,,pending,
G1V1-U3-KP01-V04,辨认长方体、正方体、圆柱和球,,,,,,,,pending,
G1V1-U3-KP01-V05,辨认长方体、正方体、圆柱和球,,,,,,,,pending,
G1V1-U3-KP01-V06,辨认长方体、正方体、圆柱和球,,,,,,,,pending,
G1V1-U3-KP01-V07,辨认长方体、正方体、圆柱和球,,,,,,,,pending,
G1V1-U3-KP01-V08,辨认长方体、正方体、圆柱和球,,,,,,,,pending,
G1V1-U3-KP01-V09,辨认长方体、正方体、圆柱和球,,,,,,,,pending,
G1V1-U3-KP01-V10,辨认长方体、正方体、圆柱和球,,,,,,,,pending,
G1V1-U4-KP01-T,11~20的组成与数位,,,,,,,,pending,
G1V1-U4-KP01-V01,11~20的组成与数位,,,,,,,,pending,
G1V1-U4-KP01-V02,11~20的组成与数位,,,,,,,,pending,
G1V1-U4-KP01-V03,11~20的组成与数位,,,,,,,,pending,
G1V1-U4-KP01-V04,11~20的组成与数位,,,,,,,,pending,
G1V1-U4-KP01-V05,11~20的组成与数位,,,,,,,,pending,
G1V1-U4-KP01-V06,11~20的组成与数位,,,,,,,,pending,
G1V1-U4-KP01-V07,11~20的组成与数位,,,,,,,,pending,
G1V1-U4-KP01-V08,11~20的组成与数位,,,,,,,,pending,
G1V1-U4-KP01-V09,11~20的组成与数位,,,,,,,,pending,
G1V1-U4-KP01-V10,11~20的组成与数位,,,,,,,,pending,
G1V1-U4-KP02-T,11~20大小比较与简单计算,,,,,,,,pending,
G1V1-U4-KP02-V01,11~20大小比较与简单计算,,,,,,,,pending,
G1V1-U4-KP02-V02,11~20大小比较与简单计算,,,,,,,,pending,
G1V1-U4-KP02-V03,11~20大小比较与简单计算,,,,,,,,pending,
G1V1-U4-KP02-V04,11~20大小比较与简单计算,,,,,,,,pending,
G1V1-U4-KP02-V05,11~20大小比较与简单计算,,,,,,,,pending,
G1V1-U4-KP02-V06,11~20大小比较与简单计算,,,,,,,,pending,
G1V1-U4-KP02-V07,11~20大小比较与简单计算,,,,,,,,pending,
G1V1-U4-KP02-V08,11~20大小比较与简单计算,,,,,,,,pending,
G1V1-U4-KP02-V09,11~20大小比较与简单计算,,,,,,,,pending,
G1V1-U4-KP02-V10,11~20大小比较与简单计算,,,,,,,,pending,
G1V1-U5-KP01-T,凑十法和20以内进位加法,,,,,,,,pending,
G1V1-U5-KP01-V01,凑十法和20以内进位加法,,,,,,,,pending,
G1V1-U5-KP01-V02,凑十法和20以内进位加法,,,,,,,,pending,
G1V1-U5-KP01-V03,凑十法和20以内进位加法,,,,,,,,pending,
G1V1-U5-KP01-V04,凑十法和20以内进位加法,,,,,,,,pending,
G1V1-U5-KP01-V05,凑十法和20以内进位加法,,,,,,,,pending,
G1V1-U5-KP01-V06,凑十法和20以内进位加法,,,,,,,,pending,
G1V1-U5-KP01-V07,凑十法和20以内进位加法,,,,,,,,pending,
G1V1-U5-KP01-V08,凑十法和20以内进位加法,,,,,,,,pending,
G1V1-U5-KP01-V09,凑十法和20以内进位加法,,,,,,,,pending,
G1V1-U5-KP01-V10,凑十法和20以内进位加法,,,,,,,,pending,
G1V2-U1-KP01-T,辨认平面图形与简单拼组,,,,,,,,pending,
G1V2-U1-KP01-V01,辨认平面图形与简单拼组,,,,,,,,pending,
G1V2-U1-KP01-V02,辨认平面图形与简单拼组,,,,,,,,pending,
G1V2-U1-KP01-V03,辨认平面图形与简单拼组,,,,,,,,pending,
G1V2-U1-KP01-V04,辨认平面图形与简单拼组,,,,,,,,pending,
G1V2-U1-KP01-V05,辨认平面图形与简单拼组,,,,,,,,pending,
G1V2-U1-KP01-V06,辨认平面图形与简单拼组,,,,,,,,pending,
G1V2-U1-KP01-V07,辨认平面图形与简单拼组,,,,,,,,pending,
G1V2-U1-KP01-V08,辨认平面图形与简单拼组,,,,,,,,pending,
G1V2-U1-KP01-V09,辨认平面图形与简单拼组,,,,,,,,pending,
G1V2-U1-KP01-V10,辨认平面图形与简单拼组,,,,,,,,pending,
G1V2-U2-KP01-T,十几减几的口算,,,,,,,,pending,
G1V2-U2-KP01-V01,十几减几的口算,,,,,,,,pending,
G1V2-U2-KP01-V02,十几减几的口算,,,,,,,,pending,
G1V2-U2-KP01-V03,十几减几的口算,,,,,,,,pending,
G1V2-U2-KP01-V04,十几减几的口算,,,,,,,,pending,
G1V2-U2-KP01-V05,十几减几的口算,,,,,,,,pending,
G1V2-U2-KP01-V06,十几减几的口算,,,,,,,,pending,
G1V2-U2-KP01-V07,十几减几的口算,,,,,,,,pending,
G1V2-U2-KP01-V08,十几减几的口算,,,,,,,,pending,
G1V2-U2-KP01-V09,十几减几的口算,,,,,,,,pending,
G1V2-U2-KP01-V10,十几减几的口算,,,,,,,,pending,
G1V2-U2-KP02-T,比较多少的实际问题,,,,,,,,pending,
G1V2-U2-KP02-V01,比较多少的实际问题,,,,,,,,pending,
G1V2-U2-KP02-V02,比较多少的实际问题,,,,,,,,pending,
G1V2-U2-KP02-V03,比较多少的实际问题,,,,,,,,pending,
G1V2-U2-KP02-V04,比较多少的实际问题,,,,,,,,pending,
G1V2-U2-KP02-V05,比较多少的实际问题,,,,,,,,pending,
G1V2-U2-KP02-V06,比较多少的实际问题,,,,,,,,pending,
G1V2-U2-KP02-V07,比较多少的实际问题,,,,,,,,pending,
G1V2-U2-KP02-V08,比较多少的实际问题,,,,,,,,pending,
G1V2-U2-KP02-V09,比较多少的实际问题,,,,,,,,pending,
G1V2-U2-KP02-V10,比较多少的实际问题,,,,,,,,pending,
G1V2-U3-KP01-T,按标准分类并读表,,,,,,,,pending,
G1V2-U3-KP01-V01,按标准分类并读表,,,,,,,,pending,
G1V2-U3-KP01-V02,按标准分类并读表,,,,,,,,pending,
G1V2-U3-KP01-V03,按标准分类并读表,,,,,,,,pending,
G1V2-U3-KP01-V04,按标准分类并读表,,,,,,,,pending,
G1V2-U3-KP01-V05,按标准分类并读表,,,,,,,,pending,
G1V2-U3-KP01-V06,按标准分类并读表,,,,,,,,pending,
G1V2-U3-KP01-V07,按标准分类并读表,,,,,,,,pending,
G1V2-U3-KP01-V08,按标准分类并读表,,,,,,,,pending,
G1V2-U3-KP01-V09,按标准分类并读表,,,,,,,,pending,
G1V2-U3-KP01-V10,按标准分类并读表,,,,,,,,pending,
G1V2-U4-KP01-T,100以内数的组成与读写,,,,,,,,pending,
G1V2-U4-KP01-V01,100以内数的组成与读写,,,,,,,,pending,
G1V2-U4-KP01-V02,100以内数的组成与读写,,,,,,,,pending,
G1V2-U4-KP01-V03,100以内数的组成与读写,,,,,,,,pending,
G1V2-U4-KP01-V04,100以内数的组成与读写,,,,,,,,pending,
G1V2-U4-KP01-V05,100以内数的组成与读写,,,,,,,,pending,
G1V2-U4-KP01-V06,100以内数的组成与读写,,,,,,,,pending,
G1V2-U4-KP01-V07,100以内数的组成与读写,,,,,,,,pending,
G1V2-U4-KP01-V08,100以内数的组成与读写,,,,,,,,pending,
G1V2-U4-KP01-V09,100以内数的组成与读写,,,,,,,,pending,
G1V2-U4-KP01-V10,100以内数的组成与读写,,,,,,,,pending,
G1V2-U4-KP02-T,100以内数的比较与估计,,,,,,,,pending,
G1V2-U4-KP02-V01,100以内数的比较与估计,,,,,,,,pending,
G1V2-U4-KP02-V02,100以内数的比较与估计,,,,,,,,pending,
G1V2-U4-KP02-V03,100以内数的比较与估计,,,,,,,,pending,
G1V2-U4-KP02-V04,100以内数的比较与估计,,,,,,,,pending,
G1V2-U4-KP02-V05,100以内数的比较与估计,,,,,,,,pending,
G1V2-U4-KP02-V06,100以内数的比较与估计,,,,,,,,pending,
G1V2-U4-KP02-V07,100以内数的比较与估计,,,,,,,,pending,
G1V2-U4-KP02-V08,100以内数的比较与估计,,,,,,,,pending,
G1V2-U4-KP02-V09,100以内数的比较与估计,,,,,,,,pending,
G1V2-U4-KP02-V10,100以内数的比较与估计,,,,,,,,pending,
G1V2-U5-KP01-T,人民币单位换算,,,,,,,,pending,
G1V2-U5-KP01-V01,人民币单位换算,,,,,,,,pending,
G1V2-U5-KP01-V02,人民币单位换算,,,,,,,,pending,
G1V2-U5-KP01-V03,人民币单位换算,,,,,,,,pending,
G1V2-U5-KP01-V04,人民币单位换算,,,,,,,,pending,
G1V2-U5-KP01-V05,人民币单位换算,,,,,,,,pending,
G1V2-U5-KP01-V06,人民币单位换算,,,,,,,,pending,
G1V2-U5-KP01-V07,人民币单位换算,,,,,,,,pending,
G1V2-U5-KP01-V08,人民币单位换算,,,,,,,,pending,
G1V2-U5-KP01-V09,人民币单位换算,,,,,,,,pending,
G1V2-U5-KP01-V10,人民币单位换算,,,,,,,,pending,
G1V2-U5-KP02-T,简单购物与找零,,,,,,,,pending,
G1V2-U5-KP02-V01,简单购物与找零,,,,,,,,pending,
G1V2-U5-KP02-V02,简单购物与找零,,,,,,,,pending,
G1V2-U5-KP02-V03,简单购物与找零,,,,,,,,pending,
G1V2-U5-KP02-V04,简单购物与找零,,,,,,,,pending,
G1V2-U5-KP02-V05,简单购物与找零,,,,,,,,pending,
G1V2-U5-KP02-V06,简单购物与找零,,,,,,,,pending,
G1V2-U5-KP02-V07,简单购物与找零,,,,,,,,pending,
G1V2-U5-KP02-V08,简单购物与找零,,,,,,,,pending,
G1V2-U5-KP02-V09,简单购物与找零,,,,,,,,pending,
G1V2-U5-KP02-V10,简单购物与找零,,,,,,,,pending,
G1V2-U6-KP01-T,整十数和两位数加减法,,,,,,,,pending,
G1V2-U6-KP01-V01,整十数和两位数加减法,,,,,,,,pending,
G1V2-U6-KP01-V02,整十数和两位数加减法,,,,,,,,pending,
G1V2-U6-KP01-V03,整十数和两位数加减法,,,,,,,,pending,
G1V2-U6-KP01-V04,整十数和两位数加减法,,,,,,,,pending,
G1V2-U6-KP01-V05,整十数和两位数加减法,,,,,,,,pending,
G1V2-U6-KP01-V06,整十数和两位数加减法,,,,,,,,pending,
G1V2-U6-KP01-V07,整十数和两位数加减法,,,,,,,,pending,
G1V2-U6-KP01-V08,整十数和两位数加减法,,,,,,,,pending,
G1V2-U6-KP01-V09,整十数和两位数加减法,,,,,,,,pending,
G1V2-U6-KP01-V10,整十数和两位数加减法,,,,,,,,pending,
G1V2-U7-KP01-T,图形规律和数字规律,,,,,,,,pending,
G1V2-U7-KP01-V01,图形规律和数字规律,,,,,,,,pending,
G1V2-U7-KP01-V02,图形规律和数字规律,,,,,,,,pending,
G1V2-U7-KP01-V03,图形规律和数字规律,,,,,,,,pending,
G1V2-U7-KP01-V04,图形规律和数字规律,,,,,,,,pending,
G1V2-U7-KP01-V05,图形规律和数字规律,,,,,,,,pending,
G1V2-U7-KP01-V06,图形规律和数字规律,,,,,,,,pending,
G1V2-U7-KP01-V07,图形规律和数字规律,,,,,,,,pending,
G1V2-U7-KP01-V08,图形规律和数字规律,,,,,,,,pending,
G1V2-U7-KP01-V09,图形规律和数字规律,,,,,,,,pending,
G1V2-U7-KP01-V10,图形规律和数字规律,,,,,,,,pending,
G2V1-U1-KP01-T,厘米、米与长度测量,,,,,,,,pending,
G2V1-U1-KP01-V01,厘米、米与长度测量,,,,,,,,pending,
G2V1-U1-KP01-V02,厘米、米与长度测量,,,,,,,,pending,
G2V1-U1-KP01-V03,厘米、米与长度测量,,,,,,,,pending,
G2V1-U1-KP01-V04,厘米、米与长度测量,,,,,,,,pending,
G2V1-U1-KP01-V05,厘米、米与长度测量,,,,,,,,pending,
G2V1-U1-KP01-V06,厘米、米与长度测量,,,,,,,,pending,
G2V1-U1-KP01-V07,厘米、米与长度测量,,,,,,,,pending,
G2V1-U1-KP01-V08,厘米、米与长度测量,,,,,,,,pending,
G2V1-U1-KP01-V09,厘米、米与长度测量,,,,,,,,pending,
G2V1-U1-KP01-V10,厘米、米与长度测量,,,,,,,,pending,
G2V1-U2-KP01-T,两位数加减法笔算,,,,,,,,pending,
G2V1-U2-KP01-V01,两位数加减法笔算,,,,,,,,pending,
G2V1-U2-KP01-V02,两位数加减法笔算,,,,,,,,pending,
G2V1-U2-KP01-V03,两位数加减法笔算,,,,,,,,pending,
G2V1-U2-KP01-V04,两位数加减法笔算,,,,,,,,pending,
G2V1-U2-KP01-V05,两位数加减法笔算,,,,,,,,pending,
G2V1-U2-KP01-V06,两位数加减法笔算,,,,,,,,pending,
G2V1-U2-KP01-V07,两位数加减法笔算,,,,,,,,pending,
G2V1-U2-KP01-V08,两位数加减法笔算,,,,,,,,pending,
G2V1-U2-KP01-V09,两位数加减法笔算,,,,,,,,pending,
G2V1-U2-KP01-V10,两位数加减法笔算,,,,,,,,pending,
G2V1-U2-KP02-T,连续运算与比较问题,,,,,,,,pending,
G2V1-U2-KP02-V01,连续运算与比较问题,,,,,,,,pending,
G2V1-U2-KP02-V02,连续运算与比较问题,,,,,,,,pending,
G2V1-U2-KP02-V03,连续运算与比较问题,,,,,,,,pending,
G2V1-U2-KP02-V04,连续运算与比较问题,,,,,,,,pending,
G2V1-U2-KP02-V05,连续运算与比较问题,,,,,,,,pending,
G2V1-U2-KP02-V06,连续运算与比较问题,,,,,,,,pending,
G2V1-U2-KP02-V07,连续运算与比较问题,,,,,,,,pending,
G2V1-U2-KP02-V08,连续运算与比较问题,,,,,,,,pending,
G2V1-U2-KP02-V09,连续运算与比较问题,,,,,,,,pending,
G2V1-U2-KP02-V10,连续运算与比较问题,,,,,,,,pending,
G2V1-U3-KP01-T,角的特征与大小判断,,,,,,,,pending,
G2V1-U3-KP01-V01,角的特征与大小判断,,,,,,,,pending,
G2V1-U3-KP01-V02,角的特征与大小判断,,,,,,,,pending,
G2V1-U3-KP01-V03,角的特征与大小判断,,,,,,,,pending,
G2V1-U3-KP01-V04,角的特征与大小判断,,,,,,,,pending,
G2V1-U3-KP01-V05,角的特征与大小判断,,,,,,,,pending,
G2V1-U3-KP01-V06,角的特征与大小判断,,,,,,,,pending,
G2V1-U3-KP01-V07,角的特征与大小判断,,,,,,,,pending,
G2V1-U3-KP01-V08,角的特征与大小判断,,,,,,,,pending,
G2V1-U3-KP01-V09,角的特征与大小判断,,,,,,,,pending,
G2V1-U3-KP01-V10,角的特征与大小判断,,,,,,,,pending,
G2V1-U4-KP01-T,乘法意义和口诀应用,,,,,,,,pending,
G2V1-U4-KP01-V01,乘法意义和口诀应用,,,,,,,,pending,
G2V1-U4-KP01-V02,乘法意义和口诀应用,,,,,,,,pending,
G2V1-U4-KP01-V03,乘法意义和口诀应用,,,,,,,,pending,
G2V1-U4-KP01-V04,乘法意义和口诀应用,,,,,,,,pending,
G2V1-U4-KP01-V05,乘法意义和口诀应用,,,,,,,,pending,
G2V1-U4-KP01-V06,乘法意义和口诀应用,,,,,,,,pending,
G2V1-U4-KP01-V07,乘法意义和口诀应用,,,,,,,,pending,
G2V1-U4-KP01-V08,乘法意义和口诀应用,,,,,,,,pending,
G2V1-U4-KP01-V09,乘法意义和口诀应用,,,,,,,,pending,
G2V1-U4-KP01-V10,乘法意义和口诀应用,,,,,,,,pending,
G2V1-U4-KP02-T,乘加、乘减与应用,,,,,,,,pending,
G2V1-U4-KP02-V01,乘加、乘减与应用,,,,,,,,pending,
G2V1-U4-KP02-V02,乘加、乘减与应用,,,,,,,,pending,
G2V1-U4-KP02-V03,乘加、乘减与应用,,,,,,,,pending,
G2V1-U4-KP02-V04,乘加、乘减与应用,,,,,,,,pending,
G2V1-U4-KP02-V05,乘加、乘减与应用,,,,,,,,pending,
G2V1-U4-KP02-V06,乘加、乘减与应用,,,,,,,,pending,
G2V1-U4-KP02-V07,乘加、乘减与应用,,,,,,,,pending,
G2V1-U4-KP02-V08,乘加、乘减与应用,,,,,,,,pending,
G2V1-U4-KP02-V09,乘加、乘减与应用,,,,,,,,pending,
G2V1-U4-KP02-V10,乘加、乘减与应用,,,,,,,,pending,
G2V1-U5-KP01-T,从不同方向观察物体,,,,,,,,pending,
G2V1-U5-KP01-V01,从不同方向观察物体,,,,,,,,pending,
G2V1-U5-KP01-V02,从不同方向观察物体,,,,,,,,pending,
G2V1-U5-KP01-V03,从不同方向观察物体,,,,,,,,pending,
G2V1-U5-KP01-V04,从不同方向观察物体,,,,,,,,pending,
G2V1-U5-KP01-V05,从不同方向观察物体,,,,,,,,pending,
G2V1-U5-KP01-V06,从不同方向观察物体,,,,,,,,pending,
G2V1-U5-KP01-V07,从不同方向观察物体,,,,,,,,pending,
G2V1-U5-KP01-V08,从不同方向观察物体,,,,,,,,pending,
G2V1-U5-KP01-V09,从不同方向观察物体,,,,,,,,pending,
G2V1-U5-KP01-V10,从不同方向观察物体,,,,,,,,pending,
G2V1-U6-KP01-T,7~9的乘法口诀,,,,,,,,pending,
G2V1-U6-KP01-V01,7~9的乘法口诀,,,,,,,,pending,
G2V1-U6-KP01-V02,7~9的乘法口诀,,,,,,,,pending,
G2V1-U6-KP01-V03,7~9的乘法口诀,,,,,,,,pending,
G2V1-U6-KP01-V04,7~9的乘法口诀,,,,,,,,pending,
G2V1-U6-KP01-V05,7~9的乘法口诀,,,,,,,,pending,
G2V1-U6-KP01-V06,7~9的乘法口诀,,,,,,,,pending,
G2V1-U6-KP01-V07,7~9的乘法口诀,,,,,,,,pending,
G2V1-U6-KP01-V08,7~9的乘法口诀,,,,,,,,pending,
G2V1-U6-KP01-V09,7~9的乘法口诀,,,,,,,,pending,
G2V1-U6-KP01-V10,7~9的乘法口诀,,,,,,,,pending,
G2V1-U7-KP01-T,读钟面和写时间,,,,,,,,pending,
G2V1-U7-KP01-V01,读钟面和写时间,,,,,,,,pending,
G2V1-U7-KP01-V02,读钟面和写时间,,,,,,,,pending,
G2V1-U7-KP01-V03,读钟面和写时间,,,,,,,,pending,
G2V1-U7-KP01-V04,读钟面和写时间,,,,,,,,pending,
G2V1-U7-KP01-V05,读钟面和写时间,,,,,,,,pending,
G2V1-U7-KP01-V06,读钟面和写时间,,,,,,,,pending,
G2V1-U7-KP01-V07,读钟面和写时间,,,,,,,,pending,
G2V1-U7-KP01-V08,读钟面和写时间,,,,,,,,pending,
G2V1-U7-KP01-V09,读钟面和写时间,,,,,,,,pending,
G2V1-U7-KP01-V10,读钟面和写时间,,,,,,,,pending,
G2V1-U7-KP02-T,时间顺序和经过时间,,,,,,,,pending,
G2V1-U7-KP02-V01,时间顺序和经过时间,,,,,,,,pending,
G2V1-U7-KP02-V02,时间顺序和经过时间,,,,,,,,pending,
G2V1-U7-KP02-V03,时间顺序和经过时间,,,,,,,,pending,
G2V1-U7-KP02-V04,时间顺序和经过时间,,,,,,,,pending,
G2V1-U7-KP02-V05,时间顺序和经过时间,,,,,,,,pending,
G2V1-U7-KP02-V06,时间顺序和经过时间,,,,,,,,pending,
G2V1-U7-KP02-V07,时间顺序和经过时间,,,,,,,,pending,
G2V1-U7-KP02-V08,时间顺序和经过时间,,,,,,,,pending,
G2V1-U7-KP02-V09,时间顺序和经过时间,,,,,,,,pending,
G2V1-U7-KP02-V10,时间顺序和经过时间,,,,,,,,pending,
G2V1-U8-KP01-T,简单搭配与排列,,,,,,,,pending,
G2V1-U8-KP01-V01,简单搭配与排列,,,,,,,,pending,
G2V1-U8-KP01-V02,简单搭配与排列,,,,,,,,pending,
G2V1-U8-KP01-V03,简单搭配与排列,,,,,,,,pending,
G2V1-U8-KP01-V04,简单搭配与排列,,,,,,,,pending,
G2V1-U8-KP01-V05,简单搭配与排列,,,,,,,,pending,
G2V1-U8-KP01-V06,简单搭配与排列,,,,,,,,pending,
G2V1-U8-KP01-V07,简单搭配与排列,,,,,,,,pending,
G2V1-U8-KP01-V08,简单搭配与排列,,,,,,,,pending,
G2V1-U8-KP01-V09,简单搭配与排列,,,,,,,,pending,
G2V1-U8-KP01-V10,简单搭配与排列,,,,,,,,pending,
G2V2-U1-KP01-T,调查记录和统计表阅读,,,,,,,,pending,
G2V2-U1-KP01-V01,调查记录和统计表阅读,,,,,,,,pending,
G2V2-U1-KP01-V02,调查记录和统计表阅读,,,,,,,,pending,
G2V2-U1-KP01-V03,调查记录和统计表阅读,,,,,,,,pending,
G2V2-U1-KP01-V04,调查记录和统计表阅读,,,,,,,,pending,
G2V2-U1-KP01-V05,调查记录和统计表阅读,,,,,,,,pending,
G2V2-U1-KP01-V06,调查记录和统计表阅读,,,,,,,,pending,
G2V2-U1-KP01-V07,调查记录和统计表阅读,,,,,,,,pending,
G2V2-U1-KP01-V08,调查记录和统计表阅读,,,,,,,,pending,
G2V2-U1-KP01-V09,调查记录和统计表阅读,,,,,,,,pending,
G2V2-U1-KP01-V10,调查记录和统计表阅读,,,,,,,,pending,
G2V2-U2-KP01-T,平均分和除法意义,,,,,,,,pending,
G2V2-U2-KP01-V01,平均分和除法意义,,,,,,,,pending,
G2V2-U2-KP01-V02,平均分和除法意义,,,,,,,,pending,
G2V2-U2-KP01-V03,平均分和除法意义,,,,,,,,pending,
G2V2-U2-KP01-V04,平均分和除法意义,,,,,,,,pending,
G2V2-U2-KP01-V05,平均分和除法意义,,,,,,,,pending,
G2V2-U2-KP01-V06,平均分和除法意义,,,,,,,,pending,
G2V2-U2-KP01-V07,平均分和除法意义,,,,,,,,pending,
G2V2-U2-KP01-V08,平均分和除法意义,,,,,,,,pending,
G2V2-U2-KP01-V09,平均分和除法意义,,,,,,,,pending,
G2V2-U2-KP01-V10,平均分和除法意义,,,,,,,,pending,
G2V2-U2-KP02-T,用乘法口诀求商,,,,,,,,pending,
G2V2-U2-KP02-V01,用乘法口诀求商,,,,,,,,pending,
G2V2-U2-KP02-V02,用乘法口诀求商,,,,,,,,pending,
G2V2-U2-KP02-V03,用乘法口诀求商,,,,,,,,pending,
G2V2-U2-KP02-V04,用乘法口诀求商,,,,,,,,pending,
G2V2-U2-KP02-V05,用乘法口诀求商,,,,,,,,pending,
G2V2-U2-KP02-V06,用乘法口诀求商,,,,,,,,pending,
G2V2-U2-KP02-V07,用乘法口诀求商,,,,,,,,pending,
G2V2-U2-KP02-V08,用乘法口诀求商,,,,,,,,pending,
G2V2-U2-KP02-V09,用乘法口诀求商,,,,,,,,pending,
G2V2-U2-KP02-V10,用乘法口诀求商,,,,,,,,pending,
G2V2-U3-KP01-T,轴对称、平移和旋转,,,,,,,,pending,
G2V2-U3-KP01-V01,轴对称、平移和旋转,,,,,,,,pending,
G2V2-U3-KP01-V02,轴对称、平移和旋转,,,,,,,,pending,
G2V2-U3-KP01-V03,轴对称、平移和旋转,,,,,,,,pending,
G2V2-U3-KP01-V04,轴对称、平移和旋转,,,,,,,,pending,
G2V2-U3-KP01-V05,轴对称、平移和旋转,,,,,,,,pending,
G2V2-U3-KP01-V06,轴对称、平移和旋转,,,,,,,,pending,
G2V2-U3-KP01-V07,轴对称、平移和旋转,,,,,,,,pending,
G2V2-U3-KP01-V08,轴对称、平移和旋转,,,,,,,,pending,
G2V2-U3-KP01-V09,轴对称、平移和旋转,,,,,,,,pending,
G2V2-U3-KP01-V10,轴对称、平移和旋转,,,,,,,,pending,
G2V2-U5-KP01-T,混合运算顺序,,,,,,,,pending,
G2V2-U5-KP01-V01,混合运算顺序,,,,,,,,pending,
G2V2-U5-KP01-V02,混合运算顺序,,,,,,,,pending,
G2V2-U5-KP01-V03,混合运算顺序,,,,,,,,pending,
G2V2-U5-KP01-V04,混合运算顺序,,,,,,,,pending,
G2V2-U5-KP01-V05,混合运算顺序,,,,,,,,pending,
G2V2-U5-KP01-V06,混合运算顺序,,,,,,,,pending,
G2V2-U5-KP01-V07,混合运算顺序,,,,,,,,pending,
G2V2-U5-KP01-V08,混合运算顺序,,,,,,,,pending,
G2V2-U5-KP01-V09,混合运算顺序,,,,,,,,pending,
G2V2-U5-KP01-V10,混合运算顺序,,,,,,,,pending,
G2V2-U6-KP01-T,有余数除法与竖式,,,,,,,,pending,
G2V2-U6-KP01-V01,有余数除法与竖式,,,,,,,,pending,
G2V2-U6-KP01-V02,有余数除法与竖式,,,,,,,,pending,
G2V2-U6-KP01-V03,有余数除法与竖式,,,,,,,,pending,
G2V2-U6-KP01-V04,有余数除法与竖式,,,,,,,,pending,
G2V2-U6-KP01-V05,有余数除法与竖式,,,,,,,,pending,
G2V2-U6-KP01-V06,有余数除法与竖式,,,,,,,,pending,
G2V2-U6-KP01-V07,有余数除法与竖式,,,,,,,,pending,
G2V2-U6-KP01-V08,有余数除法与竖式,,,,,,,,pending,
G2V2-U6-KP01-V09,有余数除法与竖式,,,,,,,,pending,
G2V2-U6-KP01-V10,有余数除法与竖式,,,,,,,,pending,
G2V2-U6-KP02-T,进一法和去尾法,,,,,,,,pending,
G2V2-U6-KP02-V01,进一法和去尾法,,,,,,,,pending,
G2V2-U6-KP02-V02,进一法和去尾法,,,,,,,,pending,
G2V2-U6-KP02-V03,进一法和去尾法,,,,,,,,pending,
G2V2-U6-KP02-V04,进一法和去尾法,,,,,,,,pending,
G2V2-U6-KP02-V05,进一法和去尾法,,,,,,,,pending,
G2V2-U6-KP02-V06,进一法和去尾法,,,,,,,,pending,
G2V2-U6-KP02-V07,进一法和去尾法,,,,,,,,pending,
G2V2-U6-KP02-V08,进一法和去尾法,,,,,,,,pending,
G2V2-U6-KP02-V09,进一法和去尾法,,,,,,,,pending,
G2V2-U6-KP02-V10,进一法和去尾法,,,,,,,,pending,
G2V2-U7-KP01-T,万以内数的组成与读写,,,,,,,,pending,
G2V2-U7-KP01-V01,万以内数的组成与读写,,,,,,,,pending,
G2V2-U7-KP01-V02,万以内数的组成与读写,,,,,,,,pending,
G2V2-U7-KP01-V03,万以内数的组成与读写,,,,,,,,pending,
G2V2-U7-KP01-V04,万以内数的组成与读写,,,,,,,,pending,
G2V2-U7-KP01-V05,万以内数的组成与读写,,,,,,,,pending,
G2V2-U7-KP01-V06,万以内数的组成与读写,,,,,,,,pending,
G2V2-U7-KP01-V07,万以内数的组成与读写,,,,,,,,pending,
G2V2-U7-KP01-V08,万以内数的组成与读写,,,,,,,,pending,
G2V2-U7-KP01-V09,万以内数的组成与读写,,,,,,,,pending,
G2V2-U7-KP01-V10,万以内数的组成与读写,,,,,,,,pending,
G2V2-U7-KP02-T,万以内数的大小比较与口算,,,,,,,,pending,
G2V2-U7-KP02-V01,万以内数的大小比较与口算,,,,,,,,pending,
G2V2-U7-KP02-V02,万以内数的大小比较与口算,,,,,,,,pending,
G2V2-U7-KP02-V03,万以内数的大小比较与口算,,,,,,,,pending,
G2V2-U7-KP02-V04,万以内数的大小比较与口算,,,,,,,,pending,
G2V2-U7-KP02-V05,万以内数的大小比较与口算,,,,,,,,pending,
G2V2-U7-KP02-V06,万以内数的大小比较与口算,,,,,,,,pending,
G2V2-U7-KP02-V07,万以内数的大小比较与口算,,,,,,,,pending,
G2V2-U7-KP02-V08,万以内数的大小比较与口算,,,,,,,,pending,
G2V2-U7-KP02-V09,万以内数的大小比较与口算,,,,,,,,pending,
G2V2-U7-KP02-V10,万以内数的大小比较与口算,,,,,,,,pending,
G2V2-U8-KP01-T,克、千克与质量估测,,,,,,,,pending,
G2V2-U8-KP01-V01,克、千克与质量估测,,,,,,,,pending,
G2V2-U8-KP01-V02,克、千克与质量估测,,,,,,,,pending,
G2V2-U8-KP01-V03,克、千克与质量估测,,,,,,,,pending,
G2V2-U8-KP01-V04,克、千克与质量估测,,,,,,,,pending,
G2V2-U8-KP01-V05,克、千克与质量估测,,,,,,,,pending,
G2V2-U8-KP01-V06,克、千克与质量估测,,,,,,,,pending,
G2V2-U8-KP01-V07,克、千克与质量估测,,,,,,,,pending,
G2V2-U8-KP01-V08,克、千克与质量估测,,,,,,,,pending,
G2V2-U8-KP01-V09,克、千克与质量估测,,,,,,,,pending,
G2V2-U8-KP01-V10,克、千克与质量估测,,,,,,,,pending,
G2V2-U9-KP01-T,简单排除法推理,,,,,,,,pending,
G2V2-U9-KP01-V01,简单排除法推理,,,,,,,,pending,
G2V2-U9-KP01-V02,简单排除法推理,,,,,,,,pending,
G2V2-U9-KP01-V03,简单排除法推理,,,,,,,,pending,
G2V2-U9-KP01-V04,简单排除法推理,,,,,,,,pending,
G2V2-U9-KP01-V05,简单排除法推理,,,,,,,,pending,
G2V2-U9-KP01-V06,简单排除法推理,,,,,,,,pending,
G2V2-U9-KP01-V07,简单排除法推理,,,,,,,,pending,
G2V2-U9-KP01-V08,简单排除法推理,,,,,,,,pending,
G2V2-U9-KP01-V09,简单排除法推理,,,,,,,,pending,
G2V2-U9-KP01-V10,简单排除法推理,,,,,,,,pending,
